page_id,tier,cluster_id,template_id,page_type,cta_type,title,route,variable_value,source,expansion_of,expansion_rule,expansion_dimension
"EXP-001","expanded","pricing","pricing-service","cluster","pricing","How to price freelance design for Designer","/pricing/how-to-price-freelance-design-for-designer","designer","flowdockr-seo-machine-v2-part1","CORE-021","EXP-PRICING-SERVICE-PROFESSION","profession"
"EXP-002","expanded","pricing","pricing-service","cluster","pricing","How to price freelance design for Copywriter","/pricing/how-to-price-freelance-design-for-copywriter","copywriter","flowdockr-seo-machine-v2-part1","CORE-021","EXP-PRICING-SERVICE-PROFESSION","profession"
"EXP-003","expanded","pricing","pricing-service","cluster","pricing","How to price freelance design for Developer","/pricing/how-to-price-freelance-design-for-developer","developer","flowdockr-seo-machine-v2-part1","CORE-021","EXP-PRICING-SERVICE-PROFESSION","profession"
"EXP-004","expanded","pricing","pricing-service","cluster","pricing","How to price freelance design for Video Editor","/pricing/how-to-price-freelance-design-for-video-editor","video editor","flowdockr-seo-machine-v2-part1","CORE-021","EXP-PRICING-SERVICE-PROFESSION","profession"
"EXP-005","expanded","pricing","pricing-service","cluster","pricing","How to price freelance design for Illustrator","/pricing/how-to-price-freelance-design-for-illustrator","illustrator","flowdockr-seo-machine-v2-part1","CORE-021","EXP-PRICING-SERVICE-PROFESSION","profession"
"EXP-006","expanded","pricing","pricing-service","cluster","pricing","How to price freelance design for Motion Designer","/pricing/how-to-price-freelance-design-for-motion-designer","motion designer","flowdockr-seo-machine-v2-part1","CORE-021","EXP-PRICING-SERVICE-PROFESSION","profession"
"EXP-007","expanded","pricing","pricing-service","cluster","pricing","How to price freelance design for Marketing Consultant","/pricing/how-to-price-freelance-design-for-marketing-consultant","marketing consultant","flowdockr-seo-machine-v2-part1","CORE-021","EXP-PRICING-SERVICE-PROFESSION","profession"
"EXP-008","expanded","pricing","pricing-service","cluster","pricing","How to price freelance design for SEO Specialist","/pricing/how-to-price-freelance-design-for-seo-specialist","SEO specialist","flowdockr-seo-machine-v2-part1","CORE-021","EXP-PRICING-SERVICE-PROFESSION","profession"
"EXP-009","expanded","pricing","pricing-service","cluster","pricing","How to price freelance design for UX Designer","/pricing/how-to-price-freelance-design-for-ux-designer","UX designer","flowdockr-seo-machine-v2-part1","CORE-021","EXP-PRICING-SERVICE-PROFESSION","profession"
"EXP-010","expanded","pricing","pricing-service","cluster","pricing","How to price freelance design for Brand Designer","/pricing/how-to-price-freelance-design-for-brand-designer","brand designer","flowdockr-seo-machine-v2-part1","CORE-021","EXP-PRICING-SERVICE-PROFESSION","profession"
"EXP-011","expanded","pricing","pricing-service","cluster","pricing","How to price freelance copywriting for Designer","/pricing/how-to-price-freelance-copywriting-for-designer","designer","flowdockr-seo-machine-v2-part1","CORE-022","EXP-PRICING-SERVICE-PROFESSION","profession"
"EXP-012","expanded","pricing","pricing-service","cluster","pricing","How to price freelance copywriting for Copywriter","/pricing/how-to-price-freelance-copywriting-for-copywriter","copywriter","flowdockr-seo-machine-v2-part1","CORE-022","EXP-PRICING-SERVICE-PROFESSION","profession"
"EXP-013","expanded","pricing","pricing-service","cluster","pricing","How to price freelance copywriting for Developer","/pricing/how-to-price-freelance-copywriting-for-developer","developer","flowdockr-seo-machine-v2-part1","CORE-022","EXP-PRICING-SERVICE-PROFESSION","profession"
"EXP-014","expanded","pricing","pricing-service","cluster","pricing","How to price freelance copywriting for Video Editor","/pricing/how-to-price-freelance-copywriting-for-video-editor","video editor","flowdockr-seo-machine-v2-part1","CORE-022","EXP-PRICING-SERVICE-PROFESSION","profession"
"EXP-015","expanded","pricing","pricing-service","cluster","pricing","How to price freelance copywriting for Illustrator","/pricing/how-to-price-freelance-copywriting-for-illustrator","illustrator","flowdockr-seo-machine-v2-part1","CORE-022","EXP-PRICING-SERVICE-PROFESSION","profession"
"EXP-016","expanded","pricing","pricing-service","cluster","pricing","How to price freelance copywriting for Motion Designer","/pricing/how-to-price-freelance-copywriting-for-motion-designer","motion designer","flowdockr-seo-machine-v2-part1","CORE-022","EXP-PRICING-SERVICE-PROFESSION","profession"
"EXP-017","expanded","pricing","pricing-service","cluster","pricing","How to price freelance copywriting for Marketing Consultant","/pricing/how-to-price-freelance-copywriting-for-marketing-consultant","marketing consultant","flowdockr-seo-machine-v2-part1","CORE-022","EXP-PRICING-SERVICE-PROFESSION","profession"
"EXP-018","expanded","pricing","pricing-service","cluster","pricing","How to price freelance copywriting for SEO Specialist","/pricing/how-to-price-freelance-copywriting-for-seo-specialist","SEO specialist","flowdockr-seo-machine-v2-part1","CORE-022","EXP-PRICING-SERVICE-PROFESSION","profession"
"EXP-019","expanded","pricing","pricing-service","cluster","pricing","How to price freelance copywriting for UX Designer","/pricing/how-to-price-freelance-copywriting-for-ux-designer","UX designer","flowdockr-seo-machine-v2-part1","CORE-022","EXP-PRICING-SERVICE-PROFESSION","profession"
"EXP-020","expanded","pricing","pricing-service","cluster","pricing","How to price freelance copywriting for Brand Designer","/pricing/how-to-price-freelance-copywriting-for-brand-designer","brand designer","flowdockr-seo-machine-v2-part1","CORE-022","EXP-PRICING-SERVICE-PROFESSION","profession"
"EXP-021","expanded","pricing","pricing-service","cluster","pricing","How to price freelance web development for Designer","/pricing/how-to-price-freelance-web-development-for-designer","designer","flowdockr-seo-machine-v2-part1","CORE-023","EXP-PRICING-SERVICE-PROFESSION","profession"
"EXP-022","expanded","pricing","pricing-service","cluster","pricing","How to price freelance web development for Copywriter","/pricing/how-to-price-freelance-web-development-for-copywriter","copywriter","flowdockr-seo-machine-v2-part1","CORE-023","EXP-PRICING-SERVICE-PROFESSION","profession"
"EXP-023","expanded","pricing","pricing-service","cluster","pricing","How to price freelance web development for Developer","/pricing/how-to-price-freelance-web-development-for-developer","developer","flowdockr-seo-machine-v2-part1","CORE-023","EXP-PRICING-SERVICE-PROFESSION","profession"
"EXP-024","expanded","pricing","pricing-service","cluster","pricing","How to price freelance web development for Video Editor","/pricing/how-to-price-freelance-web-development-for-video-editor","video editor","flowdockr-seo-machine-v2-part1","CORE-023","EXP-PRICING-SERVICE-PROFESSION","profession"
"EXP-025","expanded","pricing","pricing-service","cluster","pricing","How to price freelance web development for Illustrator","/pricing/how-to-price-freelance-web-development-for-illustrator","illustrator","flowdockr-seo-machine-v2-part1","CORE-023","EXP-PRICING-SERVICE-PROFESSION","profession"
"EXP-026","expanded","pricing","pricing-service","cluster","pricing","How to price freelance web development for Motion Designer","/pricing/how-to-price-freelance-web-development-for-motion-designer","motion designer","flowdockr-seo-machine-v2-part1","CORE-023","EXP-PRICING-SERVICE-PROFESSION","profession"
"EXP-027","expanded","pricing","pricing-service","cluster","pricing","How to price freelance web development for Marketing Consultant","/pricing/how-to-price-freelance-web-development-for-marketing-consultant","marketing consultant","flowdockr-seo-machine-v2-part1","CORE-023","EXP-PRICING-SERVICE-PROFESSION","profession"
"EXP-028","expanded","pricing","pricing-service","cluster","pricing","How to price freelance web development for SEO Specialist","/pricing/how-to-price-freelance-web-development-for-seo-specialist","SEO specialist","flowdockr-seo-machine-v2-part1","CORE-023","EXP-PRICING-SERVICE-PROFESSION","profession"
"EXP-029","expanded","pricing","pricing-service","cluster","pricing","How to price freelance web development for UX Designer","/pricing/how-to-price-freelance-web-development-for-ux-designer","UX designer","flowdockr-seo-machine-v2-part1","CORE-023","EXP-PRICING-SERVICE-PROFESSION","profession"
"EXP-030","expanded","pricing","pricing-service","cluster","pricing","How to price freelance web development for Brand Designer","/pricing/how-to-price-freelance-web-development-for-brand-designer","brand designer","flowdockr-seo-machine-v2-part1","CORE-023","EXP-PRICING-SERVICE-PROFESSION","profession"
"EXP-031","expanded","pricing","pricing-service","cluster","pricing","How to price freelance video editing for Designer","/pricing/how-to-price-freelance-video-editing-for-designer","designer","flowdockr-seo-machine-v2-part1","CORE-024","EXP-PRICING-SERVICE-PROFESSION","profession"
"EXP-032","expanded","pricing","pricing-service","cluster","pricing","How to price freelance video editing for Copywriter","/pricing/how-to-price-freelance-video-editing-for-copywriter","copywriter","flowdockr-seo-machine-v2-part1","CORE-024","EXP-PRICING-SERVICE-PROFESSION","profession"
"EXP-033","expanded","pricing","pricing-service","cluster","pricing","How to price freelance video editing for Developer","/pricing/how-to-price-freelance-video-editing-for-developer","developer","flowdockr-seo-machine-v2-part1","CORE-024","EXP-PRICING-SERVICE-PROFESSION","profession"
"EXP-034","expanded","pricing","pricing-service","cluster","pricing","How to price freelance video editing for Video Editor","/pricing/how-to-price-freelance-video-editing-for-video-editor","video editor","flowdockr-seo-machine-v2-part1","CORE-024","EXP-PRICING-SERVICE-PROFESSION","profession"
"EXP-035","expanded","pricing","pricing-service","cluster","pricing","How to price freelance video editing for Illustrator","/pricing/how-to-price-freelance-video-editing-for-illustrator","illustrator","flowdockr-seo-machine-v2-part1","CORE-024","EXP-PRICING-SERVICE-PROFESSION","profession"
"EXP-036","expanded","pricing","pricing-service","cluster","pricing","How to price freelance video editing for Motion Designer","/pricing/how-to-price-freelance-video-editing-for-motion-designer","motion designer","flowdockr-seo-machine-v2-part1","CORE-024","EXP-PRICING-SERVICE-PROFESSION","profession"
"EXP-037","expanded","pricing","pricing-service","cluster","pricing","How to price freelance video editing for Marketing Consultant","/pricing/how-to-price-freelance-video-editing-for-marketing-consultant","marketing consultant","flowdockr-seo-machine-v2-part1","CORE-024","EXP-PRICING-SERVICE-PROFESSION","profession"
"EXP-038","expanded","pricing","pricing-service","cluster","pricing","How to price freelance video editing for SEO Specialist","/pricing/how-to-price-freelance-video-editing-for-seo-specialist","SEO specialist","flowdockr-seo-machine-v2-part1","CORE-024","EXP-PRICING-SERVICE-PROFESSION","profession"
"EXP-039","expanded","pricing","pricing-service","cluster","pricing","How to price freelance video editing for UX Designer","/pricing/how-to-price-freelance-video-editing-for-ux-designer","UX designer","flowdockr-seo-machine-v2-part1","CORE-024","EXP-PRICING-SERVICE-PROFESSION","profession"
"EXP-040","expanded","pricing","pricing-service","cluster","pricing","How to price freelance video editing for Brand Designer","/pricing/how-to-price-freelance-video-editing-for-brand-designer","brand designer","flowdockr-seo-machine-v2-part1","CORE-024","EXP-PRICING-SERVICE-PROFESSION","profession"
"EXP-041","expanded","pricing","pricing-service","cluster","pricing","How to price freelance illustration for Designer","/pricing/how-to-price-freelance-illustration-for-designer","designer","flowdockr-seo-machine-v2-part1","CORE-025","EXP-PRICING-SERVICE-PROFESSION","profession"
"EXP-042","expanded","pricing","pricing-service","cluster","pricing","How to price freelance illustration for Copywriter","/pricing/how-to-price-freelance-illustration-for-copywriter","copywriter","flowdockr-seo-machine-v2-part1","CORE-025","EXP-PRICING-SERVICE-PROFESSION","profession"
"EXP-043","expanded","pricing","pricing-service","cluster","pricing","How to price freelance illustration for Developer","/pricing/how-to-price-freelance-illustration-for-developer","developer","flowdockr-seo-machine-v2-part1","CORE-025","EXP-PRICING-SERVICE-PROFESSION","profession"
"EXP-044","expanded","pricing","pricing-service","cluster","pricing","How to price freelance illustration for Video Editor","/pricing/how-to-price-freelance-illustration-for-video-editor","video editor","flowdockr-seo-machine-v2-part1","CORE-025","EXP-PRICING-SERVICE-PROFESSION","profession"
"EXP-045","expanded","pricing","pricing-service","cluster","pricing","How to price freelance illustration for Illustrator","/pricing/how-to-price-freelance-illustration-for-illustrator","illustrator","flowdockr-seo-machine-v2-part1","CORE-025","EXP-PRICING-SERVICE-PROFESSION","profession"
"EXP-046","expanded","pricing","pricing-service","cluster","pricing","How to price freelance illustration for Motion Designer","/pricing/how-to-price-freelance-illustration-for-motion-designer","motion designer","flowdockr-seo-machine-v2-part1","CORE-025","EXP-PRICING-SERVICE-PROFESSION","profession"
"EXP-047","expanded","pricing","pricing-service","cluster","pricing","How to price freelance illustration for Marketing Consultant","/pricing/how-to-price-freelance-illustration-for-marketing-consultant","marketing consultant","flowdockr-seo-machine-v2-part1","CORE-025","EXP-PRICING-SERVICE-PROFESSION","profession"
"EXP-048","expanded","pricing","pricing-service","cluster","pricing","How to price freelance illustration for SEO Specialist","/pricing/how-to-price-freelance-illustration-for-seo-specialist","SEO specialist","flowdockr-seo-machine-v2-part1","CORE-025","EXP-PRICING-SERVICE-PROFESSION","profession"
"EXP-049","expanded","pricing","pricing-service","cluster","pricing","How to price freelance illustration for UX Designer","/pricing/how-to-price-freelance-illustration-for-ux-designer","UX designer","flowdockr-seo-machine-v2-part1","CORE-025","EXP-PRICING-SERVICE-PROFESSION","profession"
"EXP-050","expanded","pricing","pricing-service","cluster","pricing","How to price freelance illustration for Brand Designer","/pricing/how-to-price-freelance-illustration-for-brand-designer","brand designer","flowdockr-seo-machine-v2-part1","CORE-025","EXP-PRICING-SERVICE-PROFESSION","profession"
"EXP-051","expanded","pricing","pricing-service","cluster","pricing","How to price freelance social media for Designer","/pricing/how-to-price-freelance-social-media-for-designer","designer","flowdockr-seo-machine-v2-part1","CORE-026","EXP-PRICING-SERVICE-PROFESSION","profession"
"EXP-052","expanded","pricing","pricing-service","cluster","pricing","How to price freelance social media for Copywriter","/pricing/how-to-price-freelance-social-media-for-copywriter","copywriter","flowdockr-seo-machine-v2-part1","CORE-026","EXP-PRICING-SERVICE-PROFESSION","profession"
"EXP-053","expanded","pricing","pricing-service","cluster","pricing","How to price freelance social media for Developer","/pricing/how-to-price-freelance-social-media-for-developer","developer","flowdockr-seo-machine-v2-part1","CORE-026","EXP-PRICING-SERVICE-PROFESSION","profession"
"EXP-054","expanded","pricing","pricing-service","cluster","pricing","How to price freelance social media for Video Editor","/pricing/how-to-price-freelance-social-media-for-video-editor","video editor","flowdockr-seo-machine-v2-part1","CORE-026","EXP-PRICING-SERVICE-PROFESSION","profession"
"EXP-055","expanded","pricing","pricing-service","cluster","pricing","How to price freelance social media for Illustrator","/pricing/how-to-price-freelance-social-media-for-illustrator","illustrator","flowdockr-seo-machine-v2-part1","CORE-026","EXP-PRICING-SERVICE-PROFESSION","profession"
"EXP-056","expanded","pricing","pricing-service","cluster","pricing","How to price freelance social media for Motion Designer","/pricing/how-to-price-freelance-social-media-for-motion-designer","motion designer","flowdockr-seo-machine-v2-part1","CORE-026","EXP-PRICING-SERVICE-PROFESSION","profession"
"EXP-057","expanded","pricing","pricing-service","cluster","pricing","How to price freelance social media for Marketing Consultant","/pricing/how-to-price-freelance-social-media-for-marketing-consultant","marketing consultant","flowdockr-seo-machine-v2-part1","CORE-026","EXP-PRICING-SERVICE-PROFESSION","profession"
"EXP-058","expanded","pricing","pricing-service","cluster","pricing","How to price freelance social media for SEO Specialist","/pricing/how-to-price-freelance-social-media-for-seo-specialist","SEO specialist","flowdockr-seo-machine-v2-part1","CORE-026","EXP-PRICING-SERVICE-PROFESSION","profession"
"EXP-059","expanded","pricing","pricing-service","cluster","pricing","How to price freelance social media for UX Designer","/pricing/how-to-price-freelance-social-media-for-ux-designer","UX designer","flowdockr-seo-machine-v2-part1","CORE-026","EXP-PRICING-SERVICE-PROFESSION","profession"
"EXP-060","expanded","pricing","pricing-service","cluster","pricing","How to price freelance social media for Brand Designer","/pricing/how-to-price-freelance-social-media-for-brand-designer","brand designer","flowdockr-seo-machine-v2-part1","CORE-026","EXP-PRICING-SERVICE-PROFESSION","profession"
"EXP-061","expanded","pricing","pricing-service","cluster","pricing","How to price freelance marketing consulting for Designer","/pricing/how-to-price-freelance-marketing-consulting-for-designer","designer","flowdockr-seo-machine-v2-part1","CORE-027","EXP-PRICING-SERVICE-PROFESSION","profession"
"EXP-062","expanded","pricing","pricing-service","cluster","pricing","How to price freelance marketing consulting for Copywriter","/pricing/how-to-price-freelance-marketing-consulting-for-copywriter","copywriter","flowdockr-seo-machine-v2-part1","CORE-027","EXP-PRICING-SERVICE-PROFESSION","profession"
"EXP-063","expanded","pricing","pricing-service","cluster","pricing","How to price freelance marketing consulting for Developer","/pricing/how-to-price-freelance-marketing-consulting-for-developer","developer","flowdockr-seo-machine-v2-part1","CORE-027","EXP-PRICING-SERVICE-PROFESSION","profession"
"EXP-064","expanded","pricing","pricing-service","cluster","pricing","How to price freelance marketing consulting for Video Editor","/pricing/how-to-price-freelance-marketing-consulting-for-video-editor","video editor","flowdockr-seo-machine-v2-part1","CORE-027","EXP-PRICING-SERVICE-PROFESSION","profession"
"EXP-065","expanded","pricing","pricing-service","cluster","pricing","How to price freelance marketing consulting for Illustrator","/pricing/how-to-price-freelance-marketing-consulting-for-illustrator","illustrator","flowdockr-seo-machine-v2-part1","CORE-027","EXP-PRICING-SERVICE-PROFESSION","profession"
"EXP-066","expanded","pricing","pricing-service","cluster","pricing","How to price freelance marketing consulting for Motion Designer","/pricing/how-to-price-freelance-marketing-consulting-for-motion-designer","motion designer","flowdockr-seo-machine-v2-part1","CORE-027","EXP-PRICING-SERVICE-PROFESSION","profession"
"EXP-067","expanded","pricing","pricing-service","cluster","pricing","How to price freelance marketing consulting for Marketing Consultant","/pricing/how-to-price-freelance-marketing-consulting-for-marketing-consultant","marketing consultant","flowdockr-seo-machine-v2-part1","CORE-027","EXP-PRICING-SERVICE-PROFESSION","profession"
"EXP-068","expanded","pricing","pricing-service","cluster","pricing","How to price freelance marketing consulting for SEO Specialist","/pricing/how-to-price-freelance-marketing-consulting-for-seo-specialist","SEO specialist","flowdockr-seo-machine-v2-part1","CORE-027","EXP-PRICING-SERVICE-PROFESSION","profession"
"EXP-069","expanded","pricing","pricing-service","cluster","pricing","How to price freelance marketing consulting for UX Designer","/pricing/how-to-price-freelance-marketing-consulting-for-ux-designer","UX designer","flowdockr-seo-machine-v2-part1","CORE-027","EXP-PRICING-SERVICE-PROFESSION","profession"
"EXP-070","expanded","pricing","pricing-service","cluster","pricing","How to price freelance marketing consulting for Brand Designer","/pricing/how-to-price-freelance-marketing-consulting-for-brand-designer","brand designer","flowdockr-seo-machine-v2-part1","CORE-027","EXP-PRICING-SERVICE-PROFESSION","profession"
"EXP-071","expanded","pricing","pricing-service","cluster","pricing","How to price freelance UX design for Designer","/pricing/how-to-price-freelance-ux-design-for-designer","designer","flowdockr-seo-machine-v2-part1","CORE-028","EXP-PRICING-SERVICE-PROFESSION","profession"
"EXP-072","expanded","pricing","pricing-service","cluster","pricing","How to price freelance UX design for Copywriter","/pricing/how-to-price-freelance-ux-design-for-copywriter","copywriter","flowdockr-seo-machine-v2-part1","CORE-028","EXP-PRICING-SERVICE-PROFESSION","profession"
"EXP-073","expanded","pricing","pricing-service","cluster","pricing","How to price freelance UX design for Developer","/pricing/how-to-price-freelance-ux-design-for-developer","developer","flowdockr-seo-machine-v2-part1","CORE-028","EXP-PRICING-SERVICE-PROFESSION","profession"
"EXP-074","expanded","pricing","pricing-service","cluster","pricing","How to price freelance UX design for Video Editor","/pricing/how-to-price-freelance-ux-design-for-video-editor","video editor","flowdockr-seo-machine-v2-part1","CORE-028","EXP-PRICING-SERVICE-PROFESSION","profession"
"EXP-075","expanded","pricing","pricing-service","cluster","pricing","How to price freelance UX design for Illustrator","/pricing/how-to-price-freelance-ux-design-for-illustrator","illustrator","flowdockr-seo-machine-v2-part1","CORE-028","EXP-PRICING-SERVICE-PROFESSION","profession"
"EXP-076","expanded","pricing","pricing-service","cluster","pricing","How to price freelance UX design for Motion Designer","/pricing/how-to-price-freelance-ux-design-for-motion-designer","motion designer","flowdockr-seo-machine-v2-part1","CORE-028","EXP-PRICING-SERVICE-PROFESSION","profession"
"EXP-077","expanded","pricing","pricing-service","cluster","pricing","How to price freelance UX design for Marketing Consultant","/pricing/how-to-price-freelance-ux-design-for-marketing-consultant","marketing consultant","flowdockr-seo-machine-v2-part1","CORE-028","EXP-PRICING-SERVICE-PROFESSION","profession"
"EXP-078","expanded","pricing","pricing-service","cluster","pricing","How to price freelance UX design for SEO Specialist","/pricing/how-to-price-freelance-ux-design-for-seo-specialist","SEO specialist","flowdockr-seo-machine-v2-part1","CORE-028","EXP-PRICING-SERVICE-PROFESSION","profession"
"EXP-079","expanded","pricing","pricing-service","cluster","pricing","How to price freelance UX design for UX Designer","/pricing/how-to-price-freelance-ux-design-for-ux-designer","UX designer","flowdockr-seo-machine-v2-part1","CORE-028","EXP-PRICING-SERVICE-PROFESSION","profession"
"EXP-080","expanded","pricing","pricing-service","cluster","pricing","How to price freelance UX design for Brand Designer","/pricing/how-to-price-freelance-ux-design-for-brand-designer","brand designer","flowdockr-seo-machine-v2-part1","CORE-028","EXP-PRICING-SERVICE-PROFESSION","profession"
"EXP-081","expanded","pricing","pricing-service","cluster","pricing","How to price freelance logo design for Designer","/pricing/how-to-price-freelance-logo-design-for-designer","designer","flowdockr-seo-machine-v2-part1","CORE-029","EXP-PRICING-SERVICE-PROFESSION","profession"
"EXP-082","expanded","pricing","pricing-service","cluster","pricing","How to price freelance logo design for Copywriter","/pricing/how-to-price-freelance-logo-design-for-copywriter","copywriter","flowdockr-seo-machine-v2-part1","CORE-029","EXP-PRICING-SERVICE-PROFESSION","profession"
"EXP-083","expanded","pricing","pricing-service","cluster","pricing","How to price freelance logo design for Developer","/pricing/how-to-price-freelance-logo-design-for-developer","developer","flowdockr-seo-machine-v2-part1","CORE-029","EXP-PRICING-SERVICE-PROFESSION","profession"
"EXP-084","expanded","pricing","pricing-service","cluster","pricing","How to price freelance logo design for Video Editor","/pricing/how-to-price-freelance-logo-design-for-video-editor","video editor","flowdockr-seo-machine-v2-part1","CORE-029","EXP-PRICING-SERVICE-PROFESSION","profession"
"EXP-085","expanded","pricing","pricing-service","cluster","pricing","How to price freelance logo design for Illustrator","/pricing/how-to-price-freelance-logo-design-for-illustrator","illustrator","flowdockr-seo-machine-v2-part1","CORE-029","EXP-PRICING-SERVICE-PROFESSION","profession"
"EXP-086","expanded","pricing","pricing-service","cluster","pricing","How to price freelance logo design for Motion Designer","/pricing/how-to-price-freelance-logo-design-for-motion-designer","motion designer","flowdockr-seo-machine-v2-part1","CORE-029","EXP-PRICING-SERVICE-PROFESSION","profession"
"EXP-087","expanded","pricing","pricing-service","cluster","pricing","How to price freelance logo design for Marketing Consultant","/pricing/how-to-price-freelance-logo-design-for-marketing-consultant","marketing consultant","flowdockr-seo-machine-v2-part1","CORE-029","EXP-PRICING-SERVICE-PROFESSION","profession"
"EXP-088","expanded","pricing","pricing-service","cluster","pricing","How to price freelance logo design for SEO Specialist","/pricing/how-to-price-freelance-logo-design-for-seo-specialist","SEO specialist","flowdockr-seo-machine-v2-part1","CORE-029","EXP-PRICING-SERVICE-PROFESSION","profession"
"EXP-089","expanded","pricing","pricing-service","cluster","pricing","How to price freelance logo design for UX Designer","/pricing/how-to-price-freelance-logo-design-for-ux-designer","UX designer","flowdockr-seo-machine-v2-part1","CORE-029","EXP-PRICING-SERVICE-PROFESSION","profession"
"EXP-090","expanded","pricing","pricing-service","cluster","pricing","How to price freelance logo design for Brand Designer","/pricing/how-to-price-freelance-logo-design-for-brand-designer","brand designer","flowdockr-seo-machine-v2-part1","CORE-029","EXP-PRICING-SERVICE-PROFESSION","profession"
"EXP-091","expanded","pricing","pricing-service","cluster","pricing","How to price freelance SEO consulting for Designer","/pricing/how-to-price-freelance-seo-consulting-for-designer","designer","flowdockr-seo-machine-v2-part1","CORE-030","EXP-PRICING-SERVICE-PROFESSION","profession"
"EXP-092","expanded","pricing","pricing-service","cluster","pricing","How to price freelance SEO consulting for Copywriter","/pricing/how-to-price-freelance-seo-consulting-for-copywriter","copywriter","flowdockr-seo-machine-v2-part1","CORE-030","EXP-PRICING-SERVICE-PROFESSION","profession"
"EXP-093","expanded","pricing","pricing-service","cluster","pricing","How to price freelance SEO consulting for Developer","/pricing/how-to-price-freelance-seo-consulting-for-developer","developer","flowdockr-seo-machine-v2-part1","CORE-030","EXP-PRICING-SERVICE-PROFESSION","profession"
"EXP-094","expanded","pricing","pricing-service","cluster","pricing","How to price freelance SEO consulting for Video Editor","/pricing/how-to-price-freelance-seo-consulting-for-video-editor","video editor","flowdockr-seo-machine-v2-part1","CORE-030","EXP-PRICING-SERVICE-PROFESSION","profession"
"EXP-095","expanded","pricing","pricing-service","cluster","pricing","How to price freelance SEO consulting for Illustrator","/pricing/how-to-price-freelance-seo-consulting-for-illustrator","illustrator","flowdockr-seo-machine-v2-part1","CORE-030","EXP-PRICING-SERVICE-PROFESSION","profession"
"EXP-096","expanded","pricing","pricing-service","cluster","pricing","How to price freelance SEO consulting for Motion Designer","/pricing/how-to-price-freelance-seo-consulting-for-motion-designer","motion designer","flowdockr-seo-machine-v2-part1","CORE-030","EXP-PRICING-SERVICE-PROFESSION","profession"
"EXP-097","expanded","pricing","pricing-service","cluster","pricing","How to price freelance SEO consulting for Marketing Consultant","/pricing/how-to-price-freelance-seo-consulting-for-marketing-consultant","marketing consultant","flowdockr-seo-machine-v2-part1","CORE-030","EXP-PRICING-SERVICE-PROFESSION","profession"
"EXP-098","expanded","pricing","pricing-service","cluster","pricing","How to price freelance SEO consulting for SEO Specialist","/pricing/how-to-price-freelance-seo-consulting-for-seo-specialist","SEO specialist","flowdockr-seo-machine-v2-part1","CORE-030","EXP-PRICING-SERVICE-PROFESSION","profession"
"EXP-099","expanded","pricing","pricing-service","cluster","pricing","How to price freelance SEO consulting for UX Designer","/pricing/how-to-price-freelance-seo-consulting-for-ux-designer","UX designer","flowdockr-seo-machine-v2-part1","CORE-030","EXP-PRICING-SERVICE-PROFESSION","profession"
"EXP-100","expanded","pricing","pricing-service","cluster","pricing","How to price freelance SEO consulting for Brand Designer","/pricing/how-to-price-freelance-seo-consulting-for-brand-designer","brand designer","flowdockr-seo-machine-v2-part1","CORE-030","EXP-PRICING-SERVICE-PROFESSION","profession"
"EXP-101","expanded","pricing","pricing-profession","cluster","pricing","Freelance rate for designer in US","/pricing/freelance-rate-for-designer-in-us","US","flowdockr-seo-machine-v2-part1","CORE-031","EXP-PRICING-PROFESSION-COUNTRY","country"
"EXP-102","expanded","pricing","pricing-profession","cluster","pricing","Freelance rate for designer in UK","/pricing/freelance-rate-for-designer-in-uk","UK","flowdockr-seo-machine-v2-part1","CORE-031","EXP-PRICING-PROFESSION-COUNTRY","country"
"EXP-103","expanded","pricing","pricing-profession","cluster","pricing","Freelance rate for designer in Canada","/pricing/freelance-rate-for-designer-in-canada","Canada","flowdockr-seo-machine-v2-part1","CORE-031","EXP-PRICING-PROFESSION-COUNTRY","country"
"EXP-104","expanded","pricing","pricing-profession","cluster","pricing","Freelance rate for designer in Australia","/pricing/freelance-rate-for-designer-in-australia","Australia","flowdockr-seo-machine-v2-part1","CORE-031","EXP-PRICING-PROFESSION-COUNTRY","country"
"EXP-105","expanded","pricing","pricing-profession","cluster","pricing","Freelance rate for designer in Germany","/pricing/freelance-rate-for-designer-in-germany","Germany","flowdockr-seo-machine-v2-part1","CORE-031","EXP-PRICING-PROFESSION-COUNTRY","country"
"EXP-106","expanded","pricing","pricing-profession","cluster","pricing","Freelance rate for designer in France","/pricing/freelance-rate-for-designer-in-france","France","flowdockr-seo-machine-v2-part1","CORE-031","EXP-PRICING-PROFESSION-COUNTRY","country"
"EXP-107","expanded","pricing","pricing-profession","cluster","pricing","Freelance rate for designer in Netherlands","/pricing/freelance-rate-for-designer-in-netherlands","Netherlands","flowdockr-seo-machine-v2-part1","CORE-031","EXP-PRICING-PROFESSION-COUNTRY","country"
"EXP-108","expanded","pricing","pricing-profession","cluster","pricing","Freelance rate for designer in Singapore","/pricing/freelance-rate-for-designer-in-singapore","Singapore","flowdockr-seo-machine-v2-part1","CORE-031","EXP-PRICING-PROFESSION-COUNTRY","country"
"EXP-109","expanded","pricing","pricing-profession","cluster","pricing","Freelance rate for designer in India","/pricing/freelance-rate-for-designer-in-india","India","flowdockr-seo-machine-v2-part1","CORE-031","EXP-PRICING-PROFESSION-COUNTRY","country"
"EXP-110","expanded","pricing","pricing-profession","cluster","pricing","Freelance rate for designer in Philippines","/pricing/freelance-rate-for-designer-in-philippines","Philippines","flowdockr-seo-machine-v2-part1","CORE-031","EXP-PRICING-PROFESSION-COUNTRY","country"
"EXP-111","expanded","pricing","pricing-profession","cluster","pricing","Freelance rate for copywriter in US","/pricing/freelance-rate-for-copywriter-in-us","US","flowdockr-seo-machine-v2-part1","CORE-032","EXP-PRICING-PROFESSION-COUNTRY","country"
"EXP-112","expanded","pricing","pricing-profession","cluster","pricing","Freelance rate for copywriter in UK","/pricing/freelance-rate-for-copywriter-in-uk","UK","flowdockr-seo-machine-v2-part1","CORE-032","EXP-PRICING-PROFESSION-COUNTRY","country"
"EXP-113","expanded","pricing","pricing-profession","cluster","pricing","Freelance rate for copywriter in Canada","/pricing/freelance-rate-for-copywriter-in-canada","Canada","flowdockr-seo-machine-v2-part1","CORE-032","EXP-PRICING-PROFESSION-COUNTRY","country"
"EXP-114","expanded","pricing","pricing-profession","cluster","pricing","Freelance rate for copywriter in Australia","/pricing/freelance-rate-for-copywriter-in-australia","Australia","flowdockr-seo-machine-v2-part1","CORE-032","EXP-PRICING-PROFESSION-COUNTRY","country"
"EXP-115","expanded","pricing","pricing-profession","cluster","pricing","Freelance rate for copywriter in Germany","/pricing/freelance-rate-for-copywriter-in-germany","Germany","flowdockr-seo-machine-v2-part1","CORE-032","EXP-PRICING-PROFESSION-COUNTRY","country"
"EXP-116","expanded","pricing","pricing-profession","cluster","pricing","Freelance rate for copywriter in France","/pricing/freelance-rate-for-copywriter-in-france","France","flowdockr-seo-machine-v2-part1","CORE-032","EXP-PRICING-PROFESSION-COUNTRY","country"
"EXP-117","expanded","pricing","pricing-profession","cluster","pricing","Freelance rate for copywriter in Netherlands","/pricing/freelance-rate-for-copywriter-in-netherlands","Netherlands","flowdockr-seo-machine-v2-part1","CORE-032","EXP-PRICING-PROFESSION-COUNTRY","country"
"EXP-118","expanded","pricing","pricing-profession","cluster","pricing","Freelance rate for copywriter in Singapore","/pricing/freelance-rate-for-copywriter-in-singapore","Singapore","flowdockr-seo-machine-v2-part1","CORE-032","EXP-PRICING-PROFESSION-COUNTRY","country"
"EXP-119","expanded","pricing","pricing-profession","cluster","pricing","Freelance rate for copywriter in India","/pricing/freelance-rate-for-copywriter-in-india","India","flowdockr-seo-machine-v2-part1","CORE-032","EXP-PRICING-PROFESSION-COUNTRY","country"
"EXP-120","expanded","pricing","pricing-profession","cluster","pricing","Freelance rate for copywriter in Philippines","/pricing/freelance-rate-for-copywriter-in-philippines","Philippines","flowdockr-seo-machine-v2-part1","CORE-032","EXP-PRICING-PROFESSION-COUNTRY","country"
"EXP-121","expanded","pricing","pricing-profession","cluster","pricing","Freelance rate for developer in US","/pricing/freelance-rate-for-developer-in-us","US","flowdockr-seo-machine-v2-part1","CORE-033","EXP-PRICING-PROFESSION-COUNTRY","country"
"EXP-122","expanded","pricing","pricing-profession","cluster","pricing","Freelance rate for developer in UK","/pricing/freelance-rate-for-developer-in-uk","UK","flowdockr-seo-machine-v2-part1","CORE-033","EXP-PRICING-PROFESSION-COUNTRY","country"
"EXP-123","expanded","pricing","pricing-profession","cluster","pricing","Freelance rate for developer in Canada","/pricing/freelance-rate-for-developer-in-canada","Canada","flowdockr-seo-machine-v2-part1","CORE-033","EXP-PRICING-PROFESSION-COUNTRY","country"
"EXP-124","expanded","pricing","pricing-profession","cluster","pricing","Freelance rate for developer in Australia","/pricing/freelance-rate-for-developer-in-australia","Australia","flowdockr-seo-machine-v2-part1","CORE-033","EXP-PRICING-PROFESSION-COUNTRY","country"
"EXP-125","expanded","pricing","pricing-profession","cluster","pricing","Freelance rate for developer in Germany","/pricing/freelance-rate-for-developer-in-germany","Germany","flowdockr-seo-machine-v2-part1","CORE-033","EXP-PRICING-PROFESSION-COUNTRY","country"
"EXP-126","expanded","pricing","pricing-profession","cluster","pricing","Freelance rate for developer in France","/pricing/freelance-rate-for-developer-in-france","France","flowdockr-seo-machine-v2-part1","CORE-033","EXP-PRICING-PROFESSION-COUNTRY","country"
"EXP-127","expanded","pricing","pricing-profession","cluster","pricing","Freelance rate for developer in Netherlands","/pricing/freelance-rate-for-developer-in-netherlands","Netherlands","flowdockr-seo-machine-v2-part1","CORE-033","EXP-PRICING-PROFESSION-COUNTRY","country"
"EXP-128","expanded","pricing","pricing-profession","cluster","pricing","Freelance rate for developer in Singapore","/pricing/freelance-rate-for-developer-in-singapore","Singapore","flowdockr-seo-machine-v2-part1","CORE-033","EXP-PRICING-PROFESSION-COUNTRY","country"
"EXP-129","expanded","pricing","pricing-profession","cluster","pricing","Freelance rate for developer in India","/pricing/freelance-rate-for-developer-in-india","India","flowdockr-seo-machine-v2-part1","CORE-033","EXP-PRICING-PROFESSION-COUNTRY","country"
"EXP-130","expanded","pricing","pricing-profession","cluster","pricing","Freelance rate for developer in Philippines","/pricing/freelance-rate-for-developer-in-philippines","Philippines","flowdockr-seo-machine-v2-part1","CORE-033","EXP-PRICING-PROFESSION-COUNTRY","country"
"EXP-131","expanded","pricing","pricing-profession","cluster","pricing","Freelance rate for video editor in US","/pricing/freelance-rate-for-video-editor-in-us","US","flowdockr-seo-machine-v2-part1","CORE-034","EXP-PRICING-PROFESSION-COUNTRY","country"
"EXP-132","expanded","pricing","pricing-profession","cluster","pricing","Freelance rate for video editor in UK","/pricing/freelance-rate-for-video-editor-in-uk","UK","flowdockr-seo-machine-v2-part1","CORE-034","EXP-PRICING-PROFESSION-COUNTRY","country"
"EXP-133","expanded","pricing","pricing-profession","cluster","pricing","Freelance rate for video editor in Canada","/pricing/freelance-rate-for-video-editor-in-canada","Canada","flowdockr-seo-machine-v2-part1","CORE-034","EXP-PRICING-PROFESSION-COUNTRY","country"
"EXP-134","expanded","pricing","pricing-profession","cluster","pricing","Freelance rate for video editor in Australia","/pricing/freelance-rate-for-video-editor-in-australia","Australia","flowdockr-seo-machine-v2-part1","CORE-034","EXP-PRICING-PROFESSION-COUNTRY","country"
"EXP-135","expanded","pricing","pricing-profession","cluster","pricing","Freelance rate for video editor in Germany","/pricing/freelance-rate-for-video-editor-in-germany","Germany","flowdockr-seo-machine-v2-part1","CORE-034","EXP-PRICING-PROFESSION-COUNTRY","country"
"EXP-136","expanded","pricing","pricing-profession","cluster","pricing","Freelance rate for video editor in France","/pricing/freelance-rate-for-video-editor-in-france","France","flowdockr-seo-machine-v2-part1","CORE-034","EXP-PRICING-PROFESSION-COUNTRY","country"
"EXP-137","expanded","pricing","pricing-profession","cluster","pricing","Freelance rate for video editor in Netherlands","/pricing/freelance-rate-for-video-editor-in-netherlands","Netherlands","flowdockr-seo-machine-v2-part1","CORE-034","EXP-PRICING-PROFESSION-COUNTRY","country"
"EXP-138","expanded","pricing","pricing-profession","cluster","pricing","Freelance rate for video editor in Singapore","/pricing/freelance-rate-for-video-editor-in-singapore","Singapore","flowdockr-seo-machine-v2-part1","CORE-034","EXP-PRICING-PROFESSION-COUNTRY","country"
"EXP-139","expanded","pricing","pricing-profession","cluster","pricing","Freelance rate for video editor in India","/pricing/freelance-rate-for-video-editor-in-india","India","flowdockr-seo-machine-v2-part1","CORE-034","EXP-PRICING-PROFESSION-COUNTRY","country"
"EXP-140","expanded","pricing","pricing-profession","cluster","pricing","Freelance rate for video editor in Philippines","/pricing/freelance-rate-for-video-editor-in-philippines","Philippines","flowdockr-seo-machine-v2-part1","CORE-034","EXP-PRICING-PROFESSION-COUNTRY","country"
"EXP-141","expanded","pricing","pricing-profession","cluster","pricing","Freelance rate for illustrator in US","/pricing/freelance-rate-for-illustrator-in-us","US","flowdockr-seo-machine-v2-part1","CORE-035","EXP-PRICING-PROFESSION-COUNTRY","country"
"EXP-142","expanded","pricing","pricing-profession","cluster","pricing","Freelance rate for illustrator in UK","/pricing/freelance-rate-for-illustrator-in-uk","UK","flowdockr-seo-machine-v2-part1","CORE-035","EXP-PRICING-PROFESSION-COUNTRY","country"
"EXP-143","expanded","pricing","pricing-profession","cluster","pricing","Freelance rate for illustrator in Canada","/pricing/freelance-rate-for-illustrator-in-canada","Canada","flowdockr-seo-machine-v2-part1","CORE-035","EXP-PRICING-PROFESSION-COUNTRY","country"
"EXP-144","expanded","pricing","pricing-profession","cluster","pricing","Freelance rate for illustrator in Australia","/pricing/freelance-rate-for-illustrator-in-australia","Australia","flowdockr-seo-machine-v2-part1","CORE-035","EXP-PRICING-PROFESSION-COUNTRY","country"
"EXP-145","expanded","pricing","pricing-profession","cluster","pricing","Freelance rate for illustrator in Germany","/pricing/freelance-rate-for-illustrator-in-germany","Germany","flowdockr-seo-machine-v2-part1","CORE-035","EXP-PRICING-PROFESSION-COUNTRY","country"
"EXP-146","expanded","pricing","pricing-profession","cluster","pricing","Freelance rate for illustrator in France","/pricing/freelance-rate-for-illustrator-in-france","France","flowdockr-seo-machine-v2-part1","CORE-035","EXP-PRICING-PROFESSION-COUNTRY","country"
"EXP-147","expanded","pricing","pricing-profession","cluster","pricing","Freelance rate for illustrator in Netherlands","/pricing/freelance-rate-for-illustrator-in-netherlands","Netherlands","flowdockr-seo-machine-v2-part1","CORE-035","EXP-PRICING-PROFESSION-COUNTRY","country"
"EXP-148","expanded","pricing","pricing-profession","cluster","pricing","Freelance rate for illustrator in Singapore","/pricing/freelance-rate-for-illustrator-in-singapore","Singapore","flowdockr-seo-machine-v2-part1","CORE-035","EXP-PRICING-PROFESSION-COUNTRY","country"
"EXP-149","expanded","pricing","pricing-profession","cluster","pricing","Freelance rate for illustrator in India","/pricing/freelance-rate-for-illustrator-in-india","India","flowdockr-seo-machine-v2-part1","CORE-035","EXP-PRICING-PROFESSION-COUNTRY","country"
"EXP-150","expanded","pricing","pricing-profession","cluster","pricing","Freelance rate for illustrator in Philippines","/pricing/freelance-rate-for-illustrator-in-philippines","Philippines","flowdockr-seo-machine-v2-part1","CORE-035","EXP-PRICING-PROFESSION-COUNTRY","country"
"EXP-151","expanded","pricing","pricing-profession","cluster","pricing","Freelance rate for motion designer in US","/pricing/freelance-rate-for-motion-designer-in-us","US","flowdockr-seo-machine-v2-part1","CORE-036","EXP-PRICING-PROFESSION-COUNTRY","country"
"EXP-152","expanded","pricing","pricing-profession","cluster","pricing","Freelance rate for motion designer in UK","/pricing/freelance-rate-for-motion-designer-in-uk","UK","flowdockr-seo-machine-v2-part1","CORE-036","EXP-PRICING-PROFESSION-COUNTRY","country"
"EXP-153","expanded","pricing","pricing-profession","cluster","pricing","Freelance rate for motion designer in Canada","/pricing/freelance-rate-for-motion-designer-in-canada","Canada","flowdockr-seo-machine-v2-part1","CORE-036","EXP-PRICING-PROFESSION-COUNTRY","country"
"EXP-154","expanded","pricing","pricing-profession","cluster","pricing","Freelance rate for motion designer in Australia","/pricing/freelance-rate-for-motion-designer-in-australia","Australia","flowdockr-seo-machine-v2-part1","CORE-036","EXP-PRICING-PROFESSION-COUNTRY","country"
"EXP-155","expanded","pricing","pricing-profession","cluster","pricing","Freelance rate for motion designer in Germany","/pricing/freelance-rate-for-motion-designer-in-germany","Germany","flowdockr-seo-machine-v2-part1","CORE-036","EXP-PRICING-PROFESSION-COUNTRY","country"
"EXP-156","expanded","pricing","pricing-profession","cluster","pricing","Freelance rate for motion designer in France","/pricing/freelance-rate-for-motion-designer-in-france","France","flowdockr-seo-machine-v2-part1","CORE-036","EXP-PRICING-PROFESSION-COUNTRY","country"
"EXP-157","expanded","pricing","pricing-profession","cluster","pricing","Freelance rate for motion designer in Netherlands","/pricing/freelance-rate-for-motion-designer-in-netherlands","Netherlands","flowdockr-seo-machine-v2-part1","CORE-036","EXP-PRICING-PROFESSION-COUNTRY","country"
"EXP-158","expanded","pricing","pricing-profession","cluster","pricing","Freelance rate for motion designer in Singapore","/pricing/freelance-rate-for-motion-designer-in-singapore","Singapore","flowdockr-seo-machine-v2-part1","CORE-036","EXP-PRICING-PROFESSION-COUNTRY","country"
"EXP-159","expanded","pricing","pricing-profession","cluster","pricing","Freelance rate for motion designer in India","/pricing/freelance-rate-for-motion-designer-in-india","India","flowdockr-seo-machine-v2-part1","CORE-036","EXP-PRICING-PROFESSION-COUNTRY","country"
"EXP-160","expanded","pricing","pricing-profession","cluster","pricing","Freelance rate for motion designer in Philippines","/pricing/freelance-rate-for-motion-designer-in-philippines","Philippines","flowdockr-seo-machine-v2-part1","CORE-036","EXP-PRICING-PROFESSION-COUNTRY","country"
"EXP-161","expanded","pricing","pricing-profession","cluster","pricing","Freelance rate for marketing consultant in US","/pricing/freelance-rate-for-marketing-consultant-in-us","US","flowdockr-seo-machine-v2-part1","CORE-037","EXP-PRICING-PROFESSION-COUNTRY","country"
"EXP-162","expanded","pricing","pricing-profession","cluster","pricing","Freelance rate for marketing consultant in UK","/pricing/freelance-rate-for-marketing-consultant-in-uk","UK","flowdockr-seo-machine-v2-part1","CORE-037","EXP-PRICING-PROFESSION-COUNTRY","country"
"EXP-163","expanded","pricing","pricing-profession","cluster","pricing","Freelance rate for marketing consultant in Canada","/pricing/freelance-rate-for-marketing-consultant-in-canada","Canada","flowdockr-seo-machine-v2-part1","CORE-037","EXP-PRICING-PROFESSION-COUNTRY","country"
"EXP-164","expanded","pricing","pricing-profession","cluster","pricing","Freelance rate for marketing consultant in Australia","/pricing/freelance-rate-for-marketing-consultant-in-australia","Australia","flowdockr-seo-machine-v2-part1","CORE-037","EXP-PRICING-PROFESSION-COUNTRY","country"
"EXP-165","expanded","pricing","pricing-profession","cluster","pricing","Freelance rate for marketing consultant in Germany","/pricing/freelance-rate-for-marketing-consultant-in-germany","Germany","flowdockr-seo-machine-v2-part1","CORE-037","EXP-PRICING-PROFESSION-COUNTRY","country"
"EXP-166","expanded","pricing","pricing-profession","cluster","pricing","Freelance rate for marketing consultant in France","/pricing/freelance-rate-for-marketing-consultant-in-france","France","flowdockr-seo-machine-v2-part1","CORE-037","EXP-PRICING-PROFESSION-COUNTRY","country"
"EXP-167","expanded","pricing","pricing-profession","cluster","pricing","Freelance rate for marketing consultant in Netherlands","/pricing/freelance-rate-for-marketing-consultant-in-netherlands","Netherlands","flowdockr-seo-machine-v2-part1","CORE-037","EXP-PRICING-PROFESSION-COUNTRY","country"
"EXP-168","expanded","pricing","pricing-profession","cluster","pricing","Freelance rate for marketing consultant in Singapore","/pricing/freelance-rate-for-marketing-consultant-in-singapore","Singapore","flowdockr-seo-machine-v2-part1","CORE-037","EXP-PRICING-PROFESSION-COUNTRY","country"
"EXP-169","expanded","pricing","pricing-profession","cluster","pricing","Freelance rate for marketing consultant in India","/pricing/freelance-rate-for-marketing-consultant-in-india","India","flowdockr-seo-machine-v2-part1","CORE-037","EXP-PRICING-PROFESSION-COUNTRY","country"
"EXP-170","expanded","pricing","pricing-profession","cluster","pricing","Freelance rate for marketing consultant in Philippines","/pricing/freelance-rate-for-marketing-consultant-in-philippines","Philippines","flowdockr-seo-machine-v2-part1","CORE-037","EXP-PRICING-PROFESSION-COUNTRY","country"
"EXP-171","expanded","pricing","pricing-profession","cluster","pricing","Freelance rate for SEO specialist in US","/pricing/freelance-rate-for-seo-specialist-in-us","US","flowdockr-seo-machine-v2-part1","CORE-038","EXP-PRICING-PROFESSION-COUNTRY","country"
"EXP-172","expanded","pricing","pricing-profession","cluster","pricing","Freelance rate for SEO specialist in UK","/pricing/freelance-rate-for-seo-specialist-in-uk","UK","flowdockr-seo-machine-v2-part1","CORE-038","EXP-PRICING-PROFESSION-COUNTRY","country"
"EXP-173","expanded","pricing","pricing-profession","cluster","pricing","Freelance rate for SEO specialist in Canada","/pricing/freelance-rate-for-seo-specialist-in-canada","Canada","flowdockr-seo-machine-v2-part1","CORE-038","EXP-PRICING-PROFESSION-COUNTRY","country"
"EXP-174","expanded","pricing","pricing-profession","cluster","pricing","Freelance rate for SEO specialist in Australia","/pricing/freelance-rate-for-seo-specialist-in-australia","Australia","flowdockr-seo-machine-v2-part1","CORE-038","EXP-PRICING-PROFESSION-COUNTRY","country"
"EXP-175","expanded","pricing","pricing-profession","cluster","pricing","Freelance rate for SEO specialist in Germany","/pricing/freelance-rate-for-seo-specialist-in-germany","Germany","flowdockr-seo-machine-v2-part1","CORE-038","EXP-PRICING-PROFESSION-COUNTRY","country"
"EXP-176","expanded","pricing","pricing-profession","cluster","pricing","Freelance rate for SEO specialist in France","/pricing/freelance-rate-for-seo-specialist-in-france","France","flowdockr-seo-machine-v2-part1","CORE-038","EXP-PRICING-PROFESSION-COUNTRY","country"
"EXP-177","expanded","pricing","pricing-profession","cluster","pricing","Freelance rate for SEO specialist in Netherlands","/pricing/freelance-rate-for-seo-specialist-in-netherlands","Netherlands","flowdockr-seo-machine-v2-part1","CORE-038","EXP-PRICING-PROFESSION-COUNTRY","country"
"EXP-178","expanded","pricing","pricing-profession","cluster","pricing","Freelance rate for SEO specialist in Singapore","/pricing/freelance-rate-for-seo-specialist-in-singapore","Singapore","flowdockr-seo-machine-v2-part1","CORE-038","EXP-PRICING-PROFESSION-COUNTRY","country"
"EXP-179","expanded","pricing","pricing-profession","cluster","pricing","Freelance rate for SEO specialist in India","/pricing/freelance-rate-for-seo-specialist-in-india","India","flowdockr-seo-machine-v2-part1","CORE-038","EXP-PRICING-PROFESSION-COUNTRY","country"
"EXP-180","expanded","pricing","pricing-profession","cluster","pricing","Freelance rate for SEO specialist in Philippines","/pricing/freelance-rate-for-seo-specialist-in-philippines","Philippines","flowdockr-seo-machine-v2-part1","CORE-038","EXP-PRICING-PROFESSION-COUNTRY","country"
"EXP-181","expanded","pricing","pricing-profession","cluster","pricing","Freelance rate for UX designer in US","/pricing/freelance-rate-for-ux-designer-in-us","US","flowdockr-seo-machine-v2-part1","CORE-039","EXP-PRICING-PROFESSION-COUNTRY","country"
"EXP-182","expanded","pricing","pricing-profession","cluster","pricing","Freelance rate for UX designer in UK","/pricing/freelance-rate-for-ux-designer-in-uk","UK","flowdockr-seo-machine-v2-part1","CORE-039","EXP-PRICING-PROFESSION-COUNTRY","country"
"EXP-183","expanded","pricing","pricing-profession","cluster","pricing","Freelance rate for UX designer in Canada","/pricing/freelance-rate-for-ux-designer-in-canada","Canada","flowdockr-seo-machine-v2-part1","CORE-039","EXP-PRICING-PROFESSION-COUNTRY","country"
"EXP-184","expanded","pricing","pricing-profession","cluster","pricing","Freelance rate for UX designer in Australia","/pricing/freelance-rate-for-ux-designer-in-australia","Australia","flowdockr-seo-machine-v2-part1","CORE-039","EXP-PRICING-PROFESSION-COUNTRY","country"
"EXP-185","expanded","pricing","pricing-profession","cluster","pricing","Freelance rate for UX designer in Germany","/pricing/freelance-rate-for-ux-designer-in-germany","Germany","flowdockr-seo-machine-v2-part1","CORE-039","EXP-PRICING-PROFESSION-COUNTRY","country"
"EXP-186","expanded","pricing","pricing-profession","cluster","pricing","Freelance rate for UX designer in France","/pricing/freelance-rate-for-ux-designer-in-france","France","flowdockr-seo-machine-v2-part1","CORE-039","EXP-PRICING-PROFESSION-COUNTRY","country"
"EXP-187","expanded","pricing","pricing-profession","cluster","pricing","Freelance rate for UX designer in Netherlands","/pricing/freelance-rate-for-ux-designer-in-netherlands","Netherlands","flowdockr-seo-machine-v2-part1","CORE-039","EXP-PRICING-PROFESSION-COUNTRY","country"
"EXP-188","expanded","pricing","pricing-profession","cluster","pricing","Freelance rate for UX designer in Singapore","/pricing/freelance-rate-for-ux-designer-in-singapore","Singapore","flowdockr-seo-machine-v2-part1","CORE-039","EXP-PRICING-PROFESSION-COUNTRY","country"
"EXP-189","expanded","pricing","pricing-profession","cluster","pricing","Freelance rate for UX designer in India","/pricing/freelance-rate-for-ux-designer-in-india","India","flowdockr-seo-machine-v2-part1","CORE-039","EXP-PRICING-PROFESSION-COUNTRY","country"
"EXP-190","expanded","pricing","pricing-profession","cluster","pricing","Freelance rate for UX designer in Philippines","/pricing/freelance-rate-for-ux-designer-in-philippines","Philippines","flowdockr-seo-machine-v2-part1","CORE-039","EXP-PRICING-PROFESSION-COUNTRY","country"
"EXP-191","expanded","pricing","pricing-profession","cluster","pricing","Freelance rate for brand designer in US","/pricing/freelance-rate-for-brand-designer-in-us","US","flowdockr-seo-machine-v2-part1","CORE-040","EXP-PRICING-PROFESSION-COUNTRY","country"
"EXP-192","expanded","pricing","pricing-profession","cluster","pricing","Freelance rate for brand designer in UK","/pricing/freelance-rate-for-brand-designer-in-uk","UK","flowdockr-seo-machine-v2-part1","CORE-040","EXP-PRICING-PROFESSION-COUNTRY","country"
"EXP-193","expanded","pricing","pricing-profession","cluster","pricing","Freelance rate for brand designer in Canada","/pricing/freelance-rate-for-brand-designer-in-canada","Canada","flowdockr-seo-machine-v2-part1","CORE-040","EXP-PRICING-PROFESSION-COUNTRY","country"
"EXP-194","expanded","pricing","pricing-profession","cluster","pricing","Freelance rate for brand designer in Australia","/pricing/freelance-rate-for-brand-designer-in-australia","Australia","flowdockr-seo-machine-v2-part1","CORE-040","EXP-PRICING-PROFESSION-COUNTRY","country"
"EXP-195","expanded","pricing","pricing-profession","cluster","pricing","Freelance rate for brand designer in Germany","/pricing/freelance-rate-for-brand-designer-in-germany","Germany","flowdockr-seo-machine-v2-part1","CORE-040","EXP-PRICING-PROFESSION-COUNTRY","country"
"EXP-196","expanded","pricing","pricing-profession","cluster","pricing","Freelance rate for brand designer in France","/pricing/freelance-rate-for-brand-designer-in-france","France","flowdockr-seo-machine-v2-part1","CORE-040","EXP-PRICING-PROFESSION-COUNTRY","country"
"EXP-197","expanded","pricing","pricing-profession","cluster","pricing","Freelance rate for brand designer in Netherlands","/pricing/freelance-rate-for-brand-designer-in-netherlands","Netherlands","flowdockr-seo-machine-v2-part1","CORE-040","EXP-PRICING-PROFESSION-COUNTRY","country"
"EXP-198","expanded","pricing","pricing-profession","cluster","pricing","Freelance rate for brand designer in Singapore","/pricing/freelance-rate-for-brand-designer-in-singapore","Singapore","flowdockr-seo-machine-v2-part1","CORE-040","EXP-PRICING-PROFESSION-COUNTRY","country"
"EXP-199","expanded","pricing","pricing-profession","cluster","pricing","Freelance rate for brand designer in India","/pricing/freelance-rate-for-brand-designer-in-india","India","flowdockr-seo-machine-v2-part1","CORE-040","EXP-PRICING-PROFESSION-COUNTRY","country"
"EXP-200","expanded","pricing","pricing-profession","cluster","pricing","Freelance rate for brand designer in Philippines","/pricing/freelance-rate-for-brand-designer-in-philippines","Philippines","flowdockr-seo-machine-v2-part1","CORE-040","EXP-PRICING-PROFESSION-COUNTRY","country"
"EXP-201","expanded","pricing","pricing-country","cluster","pricing","Freelance pricing in US for SaaS","/pricing/freelance-pricing-in-us-for-saas","SaaS","flowdockr-seo-machine-v2-part1","CORE-041","EXP-PRICING-COUNTRY-INDUSTRY","industry"
"EXP-202","expanded","pricing","pricing-country","cluster","pricing","Freelance pricing in US for Ecommerce","/pricing/freelance-pricing-in-us-for-ecommerce","Ecommerce","flowdockr-seo-machine-v2-part1","CORE-041","EXP-PRICING-COUNTRY-INDUSTRY","industry"
"EXP-203","expanded","pricing","pricing-country","cluster","pricing","Freelance pricing in US for Agency","/pricing/freelance-pricing-in-us-for-agency","Agency","flowdockr-seo-machine-v2-part1","CORE-041","EXP-PRICING-COUNTRY-INDUSTRY","industry"
"EXP-204","expanded","pricing","pricing-country","cluster","pricing","Freelance pricing in US for Healthcare","/pricing/freelance-pricing-in-us-for-healthcare","Healthcare","flowdockr-seo-machine-v2-part1","CORE-041","EXP-PRICING-COUNTRY-INDUSTRY","industry"
"EXP-205","expanded","pricing","pricing-country","cluster","pricing","Freelance pricing in US for Finance","/pricing/freelance-pricing-in-us-for-finance","Finance","flowdockr-seo-machine-v2-part1","CORE-041","EXP-PRICING-COUNTRY-INDUSTRY","industry"
"EXP-206","expanded","pricing","pricing-country","cluster","pricing","Freelance pricing in US for Education","/pricing/freelance-pricing-in-us-for-education","Education","flowdockr-seo-machine-v2-part1","CORE-041","EXP-PRICING-COUNTRY-INDUSTRY","industry"
"EXP-207","expanded","pricing","pricing-country","cluster","pricing","Freelance pricing in US for Real Estate","/pricing/freelance-pricing-in-us-for-real-estate","Real Estate","flowdockr-seo-machine-v2-part1","CORE-041","EXP-PRICING-COUNTRY-INDUSTRY","industry"
"EXP-208","expanded","pricing","pricing-country","cluster","pricing","Freelance pricing in US for Nonprofit","/pricing/freelance-pricing-in-us-for-nonprofit","Nonprofit","flowdockr-seo-machine-v2-part1","CORE-041","EXP-PRICING-COUNTRY-INDUSTRY","industry"
"EXP-209","expanded","pricing","pricing-country","cluster","pricing","Freelance pricing in US for Creator Economy","/pricing/freelance-pricing-in-us-for-creator-economy","Creator Economy","flowdockr-seo-machine-v2-part1","CORE-041","EXP-PRICING-COUNTRY-INDUSTRY","industry"
"EXP-210","expanded","pricing","pricing-country","cluster","pricing","Freelance pricing in US for B2B Services","/pricing/freelance-pricing-in-us-for-b2b-services","B2B Services","flowdockr-seo-machine-v2-part1","CORE-041","EXP-PRICING-COUNTRY-INDUSTRY","industry"
"EXP-211","expanded","pricing","pricing-country","cluster","pricing","Freelance pricing in UK for SaaS","/pricing/freelance-pricing-in-uk-for-saas","SaaS","flowdockr-seo-machine-v2-part1","CORE-042","EXP-PRICING-COUNTRY-INDUSTRY","industry"
"EXP-212","expanded","pricing","pricing-country","cluster","pricing","Freelance pricing in UK for Ecommerce","/pricing/freelance-pricing-in-uk-for-ecommerce","Ecommerce","flowdockr-seo-machine-v2-part1","CORE-042","EXP-PRICING-COUNTRY-INDUSTRY","industry"
"EXP-213","expanded","pricing","pricing-country","cluster","pricing","Freelance pricing in UK for Agency","/pricing/freelance-pricing-in-uk-for-agency","Agency","flowdockr-seo-machine-v2-part1","CORE-042","EXP-PRICING-COUNTRY-INDUSTRY","industry"
"EXP-214","expanded","pricing","pricing-country","cluster","pricing","Freelance pricing in UK for Healthcare","/pricing/freelance-pricing-in-uk-for-healthcare","Healthcare","flowdockr-seo-machine-v2-part1","CORE-042","EXP-PRICING-COUNTRY-INDUSTRY","industry"
"EXP-215","expanded","pricing","pricing-country","cluster","pricing","Freelance pricing in UK for Finance","/pricing/freelance-pricing-in-uk-for-finance","Finance","flowdockr-seo-machine-v2-part1","CORE-042","EXP-PRICING-COUNTRY-INDUSTRY","industry"
"EXP-216","expanded","pricing","pricing-country","cluster","pricing","Freelance pricing in UK for Education","/pricing/freelance-pricing-in-uk-for-education","Education","flowdockr-seo-machine-v2-part1","CORE-042","EXP-PRICING-COUNTRY-INDUSTRY","industry"
"EXP-217","expanded","pricing","pricing-country","cluster","pricing","Freelance pricing in UK for Real Estate","/pricing/freelance-pricing-in-uk-for-real-estate","Real Estate","flowdockr-seo-machine-v2-part1","CORE-042","EXP-PRICING-COUNTRY-INDUSTRY","industry"
"EXP-218","expanded","pricing","pricing-country","cluster","pricing","Freelance pricing in UK for Nonprofit","/pricing/freelance-pricing-in-uk-for-nonprofit","Nonprofit","flowdockr-seo-machine-v2-part1","CORE-042","EXP-PRICING-COUNTRY-INDUSTRY","industry"
"EXP-219","expanded","pricing","pricing-country","cluster","pricing","Freelance pricing in UK for Creator Economy","/pricing/freelance-pricing-in-uk-for-creator-economy","Creator Economy","flowdockr-seo-machine-v2-part1","CORE-042","EXP-PRICING-COUNTRY-INDUSTRY","industry"
"EXP-220","expanded","pricing","pricing-country","cluster","pricing","Freelance pricing in UK for B2B Services","/pricing/freelance-pricing-in-uk-for-b2b-services","B2B Services","flowdockr-seo-machine-v2-part1","CORE-042","EXP-PRICING-COUNTRY-INDUSTRY","industry"
"EXP-221","expanded","pricing","pricing-country","cluster","pricing","Freelance pricing in Canada for SaaS","/pricing/freelance-pricing-in-canada-for-saas","SaaS","flowdockr-seo-machine-v2-part1","CORE-043","EXP-PRICING-COUNTRY-INDUSTRY","industry"
"EXP-222","expanded","pricing","pricing-country","cluster","pricing","Freelance pricing in Canada for Ecommerce","/pricing/freelance-pricing-in-canada-for-ecommerce","Ecommerce","flowdockr-seo-machine-v2-part1","CORE-043","EXP-PRICING-COUNTRY-INDUSTRY","industry"
"EXP-223","expanded","pricing","pricing-country","cluster","pricing","Freelance pricing in Canada for Agency","/pricing/freelance-pricing-in-canada-for-agency","Agency","flowdockr-seo-machine-v2-part1","CORE-043","EXP-PRICING-COUNTRY-INDUSTRY","industry"
"EXP-224","expanded","pricing","pricing-country","cluster","pricing","Freelance pricing in Canada for Healthcare","/pricing/freelance-pricing-in-canada-for-healthcare","Healthcare","flowdockr-seo-machine-v2-part1","CORE-043","EXP-PRICING-COUNTRY-INDUSTRY","industry"
"EXP-225","expanded","pricing","pricing-country","cluster","pricing","Freelance pricing in Canada for Finance","/pricing/freelance-pricing-in-canada-for-finance","Finance","flowdockr-seo-machine-v2-part1","CORE-043","EXP-PRICING-COUNTRY-INDUSTRY","industry"
"EXP-226","expanded","pricing","pricing-country","cluster","pricing","Freelance pricing in Canada for Education","/pricing/freelance-pricing-in-canada-for-education","Education","flowdockr-seo-machine-v2-part1","CORE-043","EXP-PRICING-COUNTRY-INDUSTRY","industry"
"EXP-227","expanded","pricing","pricing-country","cluster","pricing","Freelance pricing in Canada for Real Estate","/pricing/freelance-pricing-in-canada-for-real-estate","Real Estate","flowdockr-seo-machine-v2-part1","CORE-043","EXP-PRICING-COUNTRY-INDUSTRY","industry"
"EXP-228","expanded","pricing","pricing-country","cluster","pricing","Freelance pricing in Canada for Nonprofit","/pricing/freelance-pricing-in-canada-for-nonprofit","Nonprofit","flowdockr-seo-machine-v2-part1","CORE-043","EXP-PRICING-COUNTRY-INDUSTRY","industry"
"EXP-229","expanded","pricing","pricing-country","cluster","pricing","Freelance pricing in Canada for Creator Economy","/pricing/freelance-pricing-in-canada-for-creator-economy","Creator Economy","flowdockr-seo-machine-v2-part1","CORE-043","EXP-PRICING-COUNTRY-INDUSTRY","industry"
"EXP-230","expanded","pricing","pricing-country","cluster","pricing","Freelance pricing in Canada for B2B Services","/pricing/freelance-pricing-in-canada-for-b2b-services","B2B Services","flowdockr-seo-machine-v2-part1","CORE-043","EXP-PRICING-COUNTRY-INDUSTRY","industry"
"EXP-231","expanded","pricing","pricing-country","cluster","pricing","Freelance pricing in Australia for SaaS","/pricing/freelance-pricing-in-australia-for-saas","SaaS","flowdockr-seo-machine-v2-part1","CORE-044","EXP-PRICING-COUNTRY-INDUSTRY","industry"
"EXP-232","expanded","pricing","pricing-country","cluster","pricing","Freelance pricing in Australia for Ecommerce","/pricing/freelance-pricing-in-australia-for-ecommerce","Ecommerce","flowdockr-seo-machine-v2-part1","CORE-044","EXP-PRICING-COUNTRY-INDUSTRY","industry"
"EXP-233","expanded","pricing","pricing-country","cluster","pricing","Freelance pricing in Australia for Agency","/pricing/freelance-pricing-in-australia-for-agency","Agency","flowdockr-seo-machine-v2-part1","CORE-044","EXP-PRICING-COUNTRY-INDUSTRY","industry"
"EXP-234","expanded","pricing","pricing-country","cluster","pricing","Freelance pricing in Australia for Healthcare","/pricing/freelance-pricing-in-australia-for-healthcare","Healthcare","flowdockr-seo-machine-v2-part1","CORE-044","EXP-PRICING-COUNTRY-INDUSTRY","industry"
"EXP-235","expanded","pricing","pricing-country","cluster","pricing","Freelance pricing in Australia for Finance","/pricing/freelance-pricing-in-australia-for-finance","Finance","flowdockr-seo-machine-v2-part1","CORE-044","EXP-PRICING-COUNTRY-INDUSTRY","industry"
"EXP-236","expanded","pricing","pricing-country","cluster","pricing","Freelance pricing in Australia for Education","/pricing/freelance-pricing-in-australia-for-education","Education","flowdockr-seo-machine-v2-part1","CORE-044","EXP-PRICING-COUNTRY-INDUSTRY","industry"
"EXP-237","expanded","pricing","pricing-country","cluster","pricing","Freelance pricing in Australia for Real Estate","/pricing/freelance-pricing-in-australia-for-real-estate","Real Estate","flowdockr-seo-machine-v2-part1","CORE-044","EXP-PRICING-COUNTRY-INDUSTRY","industry"
"EXP-238","expanded","pricing","pricing-country","cluster","pricing","Freelance pricing in Australia for Nonprofit","/pricing/freelance-pricing-in-australia-for-nonprofit","Nonprofit","flowdockr-seo-machine-v2-part1","CORE-044","EXP-PRICING-COUNTRY-INDUSTRY","industry"
"EXP-239","expanded","pricing","pricing-country","cluster","pricing","Freelance pricing in Australia for Creator Economy","/pricing/freelance-pricing-in-australia-for-creator-economy","Creator Economy","flowdockr-seo-machine-v2-part1","CORE-044","EXP-PRICING-COUNTRY-INDUSTRY","industry"
"EXP-240","expanded","pricing","pricing-country","cluster","pricing","Freelance pricing in Australia for B2B Services","/pricing/freelance-pricing-in-australia-for-b2b-services","B2B Services","flowdockr-seo-machine-v2-part1","CORE-044","EXP-PRICING-COUNTRY-INDUSTRY","industry"
"EXP-241","expanded","pricing","pricing-country","cluster","pricing","Freelance pricing in Germany for SaaS","/pricing/freelance-pricing-in-germany-for-saas","SaaS","flowdockr-seo-machine-v2-part1","CORE-045","EXP-PRICING-COUNTRY-INDUSTRY","industry"
"EXP-242","expanded","pricing","pricing-country","cluster","pricing","Freelance pricing in Germany for Ecommerce","/pricing/freelance-pricing-in-germany-for-ecommerce","Ecommerce","flowdockr-seo-machine-v2-part1","CORE-045","EXP-PRICING-COUNTRY-INDUSTRY","industry"
"EXP-243","expanded","pricing","pricing-country","cluster","pricing","Freelance pricing in Germany for Agency","/pricing/freelance-pricing-in-germany-for-agency","Agency","flowdockr-seo-machine-v2-part1","CORE-045","EXP-PRICING-COUNTRY-INDUSTRY","industry"
"EXP-244","expanded","pricing","pricing-country","cluster","pricing","Freelance pricing in Germany for Healthcare","/pricing/freelance-pricing-in-germany-for-healthcare","Healthcare","flowdockr-seo-machine-v2-part1","CORE-045","EXP-PRICING-COUNTRY-INDUSTRY","industry"
"EXP-245","expanded","pricing","pricing-country","cluster","pricing","Freelance pricing in Germany for Finance","/pricing/freelance-pricing-in-germany-for-finance","Finance","flowdockr-seo-machine-v2-part1","CORE-045","EXP-PRICING-COUNTRY-INDUSTRY","industry"
"EXP-246","expanded","pricing","pricing-country","cluster","pricing","Freelance pricing in Germany for Education","/pricing/freelance-pricing-in-germany-for-education","Education","flowdockr-seo-machine-v2-part1","CORE-045","EXP-PRICING-COUNTRY-INDUSTRY","industry"
"EXP-247","expanded","pricing","pricing-country","cluster","pricing","Freelance pricing in Germany for Real Estate","/pricing/freelance-pricing-in-germany-for-real-estate","Real Estate","flowdockr-seo-machine-v2-part1","CORE-045","EXP-PRICING-COUNTRY-INDUSTRY","industry"
"EXP-248","expanded","pricing","pricing-country","cluster","pricing","Freelance pricing in Germany for Nonprofit","/pricing/freelance-pricing-in-germany-for-nonprofit","Nonprofit","flowdockr-seo-machine-v2-part1","CORE-045","EXP-PRICING-COUNTRY-INDUSTRY","industry"
"EXP-249","expanded","pricing","pricing-country","cluster","pricing","Freelance pricing in Germany for Creator Economy","/pricing/freelance-pricing-in-germany-for-creator-economy","Creator Economy","flowdockr-seo-machine-v2-part1","CORE-045","EXP-PRICING-COUNTRY-INDUSTRY","industry"
"EXP-250","expanded","pricing","pricing-country","cluster","pricing","Freelance pricing in Germany for B2B Services","/pricing/freelance-pricing-in-germany-for-b2b-services","B2B Services","flowdockr-seo-machine-v2-part1","CORE-045","EXP-PRICING-COUNTRY-INDUSTRY","industry"
"EXP-251","expanded","pricing","pricing-country","cluster","pricing","Freelance pricing in France for SaaS","/pricing/freelance-pricing-in-france-for-saas","SaaS","flowdockr-seo-machine-v2-part1","CORE-046","EXP-PRICING-COUNTRY-INDUSTRY","industry"
"EXP-252","expanded","pricing","pricing-country","cluster","pricing","Freelance pricing in France for Ecommerce","/pricing/freelance-pricing-in-france-for-ecommerce","Ecommerce","flowdockr-seo-machine-v2-part1","CORE-046","EXP-PRICING-COUNTRY-INDUSTRY","industry"
"EXP-253","expanded","pricing","pricing-country","cluster","pricing","Freelance pricing in France for Agency","/pricing/freelance-pricing-in-france-for-agency","Agency","flowdockr-seo-machine-v2-part1","CORE-046","EXP-PRICING-COUNTRY-INDUSTRY","industry"
"EXP-254","expanded","pricing","pricing-country","cluster","pricing","Freelance pricing in France for Healthcare","/pricing/freelance-pricing-in-france-for-healthcare","Healthcare","flowdockr-seo-machine-v2-part1","CORE-046","EXP-PRICING-COUNTRY-INDUSTRY","industry"
"EXP-255","expanded","pricing","pricing-country","cluster","pricing","Freelance pricing in France for Finance","/pricing/freelance-pricing-in-france-for-finance","Finance","flowdockr-seo-machine-v2-part1","CORE-046","EXP-PRICING-COUNTRY-INDUSTRY","industry"
"EXP-256","expanded","pricing","pricing-country","cluster","pricing","Freelance pricing in France for Education","/pricing/freelance-pricing-in-france-for-education","Education","flowdockr-seo-machine-v2-part1","CORE-046","EXP-PRICING-COUNTRY-INDUSTRY","industry"
"EXP-257","expanded","pricing","pricing-country","cluster","pricing","Freelance pricing in France for Real Estate","/pricing/freelance-pricing-in-france-for-real-estate","Real Estate","flowdockr-seo-machine-v2-part1","CORE-046","EXP-PRICING-COUNTRY-INDUSTRY","industry"
"EXP-258","expanded","pricing","pricing-country","cluster","pricing","Freelance pricing in France for Nonprofit","/pricing/freelance-pricing-in-france-for-nonprofit","Nonprofit","flowdockr-seo-machine-v2-part1","CORE-046","EXP-PRICING-COUNTRY-INDUSTRY","industry"
"EXP-259","expanded","pricing","pricing-country","cluster","pricing","Freelance pricing in France for Creator Economy","/pricing/freelance-pricing-in-france-for-creator-economy","Creator Economy","flowdockr-seo-machine-v2-part1","CORE-046","EXP-PRICING-COUNTRY-INDUSTRY","industry"
"EXP-260","expanded","pricing","pricing-country","cluster","pricing","Freelance pricing in France for B2B Services","/pricing/freelance-pricing-in-france-for-b2b-services","B2B Services","flowdockr-seo-machine-v2-part1","CORE-046","EXP-PRICING-COUNTRY-INDUSTRY","industry"
"EXP-261","expanded","pricing","pricing-country","cluster","pricing","Freelance pricing in Netherlands for SaaS","/pricing/freelance-pricing-in-netherlands-for-saas","SaaS","flowdockr-seo-machine-v2-part1","CORE-047","EXP-PRICING-COUNTRY-INDUSTRY","industry"
"EXP-262","expanded","pricing","pricing-country","cluster","pricing","Freelance pricing in Netherlands for Ecommerce","/pricing/freelance-pricing-in-netherlands-for-ecommerce","Ecommerce","flowdockr-seo-machine-v2-part1","CORE-047","EXP-PRICING-COUNTRY-INDUSTRY","industry"
"EXP-263","expanded","pricing","pricing-country","cluster","pricing","Freelance pricing in Netherlands for Agency","/pricing/freelance-pricing-in-netherlands-for-agency","Agency","flowdockr-seo-machine-v2-part1","CORE-047","EXP-PRICING-COUNTRY-INDUSTRY","industry"
"EXP-264","expanded","pricing","pricing-country","cluster","pricing","Freelance pricing in Netherlands for Healthcare","/pricing/freelance-pricing-in-netherlands-for-healthcare","Healthcare","flowdockr-seo-machine-v2-part1","CORE-047","EXP-PRICING-COUNTRY-INDUSTRY","industry"
"EXP-265","expanded","pricing","pricing-country","cluster","pricing","Freelance pricing in Netherlands for Finance","/pricing/freelance-pricing-in-netherlands-for-finance","Finance","flowdockr-seo-machine-v2-part1","CORE-047","EXP-PRICING-COUNTRY-INDUSTRY","industry"
"EXP-266","expanded","pricing","pricing-country","cluster","pricing","Freelance pricing in Netherlands for Education","/pricing/freelance-pricing-in-netherlands-for-education","Education","flowdockr-seo-machine-v2-part1","CORE-047","EXP-PRICING-COUNTRY-INDUSTRY","industry"
"EXP-267","expanded","pricing","pricing-country","cluster","pricing","Freelance pricing in Netherlands for Real Estate","/pricing/freelance-pricing-in-netherlands-for-real-estate","Real Estate","flowdockr-seo-machine-v2-part1","CORE-047","EXP-PRICING-COUNTRY-INDUSTRY","industry"
"EXP-268","expanded","pricing","pricing-country","cluster","pricing","Freelance pricing in Netherlands for Nonprofit","/pricing/freelance-pricing-in-netherlands-for-nonprofit","Nonprofit","flowdockr-seo-machine-v2-part1","CORE-047","EXP-PRICING-COUNTRY-INDUSTRY","industry"
"EXP-269","expanded","pricing","pricing-country","cluster","pricing","Freelance pricing in Netherlands for Creator Economy","/pricing/freelance-pricing-in-netherlands-for-creator-economy","Creator Economy","flowdockr-seo-machine-v2-part1","CORE-047","EXP-PRICING-COUNTRY-INDUSTRY","industry"
"EXP-270","expanded","pricing","pricing-country","cluster","pricing","Freelance pricing in Netherlands for B2B Services","/pricing/freelance-pricing-in-netherlands-for-b2b-services","B2B Services","flowdockr-seo-machine-v2-part1","CORE-047","EXP-PRICING-COUNTRY-INDUSTRY","industry"
"EXP-271","expanded","pricing","pricing-country","cluster","pricing","Freelance pricing in Singapore for SaaS","/pricing/freelance-pricing-in-singapore-for-saas","SaaS","flowdockr-seo-machine-v2-part1","CORE-048","EXP-PRICING-COUNTRY-INDUSTRY","industry"
"EXP-272","expanded","pricing","pricing-country","cluster","pricing","Freelance pricing in Singapore for Ecommerce","/pricing/freelance-pricing-in-singapore-for-ecommerce","Ecommerce","flowdockr-seo-machine-v2-part1","CORE-048","EXP-PRICING-COUNTRY-INDUSTRY","industry"
"EXP-273","expanded","pricing","pricing-country","cluster","pricing","Freelance pricing in Singapore for Agency","/pricing/freelance-pricing-in-singapore-for-agency","Agency","flowdockr-seo-machine-v2-part1","CORE-048","EXP-PRICING-COUNTRY-INDUSTRY","industry"
"EXP-274","expanded","pricing","pricing-country","cluster","pricing","Freelance pricing in Singapore for Healthcare","/pricing/freelance-pricing-in-singapore-for-healthcare","Healthcare","flowdockr-seo-machine-v2-part1","CORE-048","EXP-PRICING-COUNTRY-INDUSTRY","industry"
"EXP-275","expanded","pricing","pricing-country","cluster","pricing","Freelance pricing in Singapore for Finance","/pricing/freelance-pricing-in-singapore-for-finance","Finance","flowdockr-seo-machine-v2-part1","CORE-048","EXP-PRICING-COUNTRY-INDUSTRY","industry"
"EXP-276","expanded","pricing","pricing-country","cluster","pricing","Freelance pricing in Singapore for Education","/pricing/freelance-pricing-in-singapore-for-education","Education","flowdockr-seo-machine-v2-part1","CORE-048","EXP-PRICING-COUNTRY-INDUSTRY","industry"
"EXP-277","expanded","pricing","pricing-country","cluster","pricing","Freelance pricing in Singapore for Real Estate","/pricing/freelance-pricing-in-singapore-for-real-estate","Real Estate","flowdockr-seo-machine-v2-part1","CORE-048","EXP-PRICING-COUNTRY-INDUSTRY","industry"
"EXP-278","expanded","pricing","pricing-country","cluster","pricing","Freelance pricing in Singapore for Nonprofit","/pricing/freelance-pricing-in-singapore-for-nonprofit","Nonprofit","flowdockr-seo-machine-v2-part1","CORE-048","EXP-PRICING-COUNTRY-INDUSTRY","industry"
"EXP-279","expanded","pricing","pricing-country","cluster","pricing","Freelance pricing in Singapore for Creator Economy","/pricing/freelance-pricing-in-singapore-for-creator-economy","Creator Economy","flowdockr-seo-machine-v2-part1","CORE-048","EXP-PRICING-COUNTRY-INDUSTRY","industry"
"EXP-280","expanded","pricing","pricing-country","cluster","pricing","Freelance pricing in Singapore for B2B Services","/pricing/freelance-pricing-in-singapore-for-b2b-services","B2B Services","flowdockr-seo-machine-v2-part1","CORE-048","EXP-PRICING-COUNTRY-INDUSTRY","industry"
"EXP-281","expanded","pricing","pricing-country","cluster","pricing","Freelance pricing in India for SaaS","/pricing/freelance-pricing-in-india-for-saas","SaaS","flowdockr-seo-machine-v2-part1","CORE-049","EXP-PRICING-COUNTRY-INDUSTRY","industry"
"EXP-282","expanded","pricing","pricing-country","cluster","pricing","Freelance pricing in India for Ecommerce","/pricing/freelance-pricing-in-india-for-ecommerce","Ecommerce","flowdockr-seo-machine-v2-part1","CORE-049","EXP-PRICING-COUNTRY-INDUSTRY","industry"
"EXP-283","expanded","pricing","pricing-country","cluster","pricing","Freelance pricing in India for Agency","/pricing/freelance-pricing-in-india-for-agency","Agency","flowdockr-seo-machine-v2-part1","CORE-049","EXP-PRICING-COUNTRY-INDUSTRY","industry"
"EXP-284","expanded","pricing","pricing-country","cluster","pricing","Freelance pricing in India for Healthcare","/pricing/freelance-pricing-in-india-for-healthcare","Healthcare","flowdockr-seo-machine-v2-part1","CORE-049","EXP-PRICING-COUNTRY-INDUSTRY","industry"
"EXP-285","expanded","pricing","pricing-country","cluster","pricing","Freelance pricing in India for Finance","/pricing/freelance-pricing-in-india-for-finance","Finance","flowdockr-seo-machine-v2-part1","CORE-049","EXP-PRICING-COUNTRY-INDUSTRY","industry"
"EXP-286","expanded","pricing","pricing-country","cluster","pricing","Freelance pricing in India for Education","/pricing/freelance-pricing-in-india-for-education","Education","flowdockr-seo-machine-v2-part1","CORE-049","EXP-PRICING-COUNTRY-INDUSTRY","industry"
"EXP-287","expanded","pricing","pricing-country","cluster","pricing","Freelance pricing in India for Real Estate","/pricing/freelance-pricing-in-india-for-real-estate","Real Estate","flowdockr-seo-machine-v2-part1","CORE-049","EXP-PRICING-COUNTRY-INDUSTRY","industry"
"EXP-288","expanded","pricing","pricing-country","cluster","pricing","Freelance pricing in India for Nonprofit","/pricing/freelance-pricing-in-india-for-nonprofit","Nonprofit","flowdockr-seo-machine-v2-part1","CORE-049","EXP-PRICING-COUNTRY-INDUSTRY","industry"
"EXP-289","expanded","pricing","pricing-country","cluster","pricing","Freelance pricing in India for Creator Economy","/pricing/freelance-pricing-in-india-for-creator-economy","Creator Economy","flowdockr-seo-machine-v2-part1","CORE-049","EXP-PRICING-COUNTRY-INDUSTRY","industry"
"EXP-290","expanded","pricing","pricing-country","cluster","pricing","Freelance pricing in India for B2B Services","/pricing/freelance-pricing-in-india-for-b2b-services","B2B Services","flowdockr-seo-machine-v2-part1","CORE-049","EXP-PRICING-COUNTRY-INDUSTRY","industry"
"EXP-291","expanded","pricing","pricing-country","cluster","pricing","Freelance pricing in Philippines for SaaS","/pricing/freelance-pricing-in-philippines-for-saas","SaaS","flowdockr-seo-machine-v2-part1","CORE-050","EXP-PRICING-COUNTRY-INDUSTRY","industry"
"EXP-292","expanded","pricing","pricing-country","cluster","pricing","Freelance pricing in Philippines for Ecommerce","/pricing/freelance-pricing-in-philippines-for-ecommerce","Ecommerce","flowdockr-seo-machine-v2-part1","CORE-050","EXP-PRICING-COUNTRY-INDUSTRY","industry"
"EXP-293","expanded","pricing","pricing-country","cluster","pricing","Freelance pricing in Philippines for Agency","/pricing/freelance-pricing-in-philippines-for-agency","Agency","flowdockr-seo-machine-v2-part1","CORE-050","EXP-PRICING-COUNTRY-INDUSTRY","industry"
"EXP-294","expanded","pricing","pricing-country","cluster","pricing","Freelance pricing in Philippines for Healthcare","/pricing/freelance-pricing-in-philippines-for-healthcare","Healthcare","flowdockr-seo-machine-v2-part1","CORE-050","EXP-PRICING-COUNTRY-INDUSTRY","industry"
"EXP-295","expanded","pricing","pricing-country","cluster","pricing","Freelance pricing in Philippines for Finance","/pricing/freelance-pricing-in-philippines-for-finance","Finance","flowdockr-seo-machine-v2-part1","CORE-050","EXP-PRICING-COUNTRY-INDUSTRY","industry"
"EXP-296","expanded","pricing","pricing-country","cluster","pricing","Freelance pricing in Philippines for Education","/pricing/freelance-pricing-in-philippines-for-education","Education","flowdockr-seo-machine-v2-part1","CORE-050","EXP-PRICING-COUNTRY-INDUSTRY","industry"
"EXP-297","expanded","pricing","pricing-country","cluster","pricing","Freelance pricing in Philippines for Real Estate","/pricing/freelance-pricing-in-philippines-for-real-estate","Real Estate","flowdockr-seo-machine-v2-part1","CORE-050","EXP-PRICING-COUNTRY-INDUSTRY","industry"
"EXP-298","expanded","pricing","pricing-country","cluster","pricing","Freelance pricing in Philippines for Nonprofit","/pricing/freelance-pricing-in-philippines-for-nonprofit","Nonprofit","flowdockr-seo-machine-v2-part1","CORE-050","EXP-PRICING-COUNTRY-INDUSTRY","industry"
"EXP-299","expanded","pricing","pricing-country","cluster","pricing","Freelance pricing in Philippines for Creator Economy","/pricing/freelance-pricing-in-philippines-for-creator-economy","Creator Economy","flowdockr-seo-machine-v2-part1","CORE-050","EXP-PRICING-COUNTRY-INDUSTRY","industry"
"EXP-300","expanded","pricing","pricing-country","cluster","pricing","Freelance pricing in Philippines for B2B Services","/pricing/freelance-pricing-in-philippines-for-b2b-services","B2B Services","flowdockr-seo-machine-v2-part1","CORE-050","EXP-PRICING-COUNTRY-INDUSTRY","industry"
